SAMPLE,F_A6,F_B6,F_C6,F_D6,F_E6,F_F6,F_G6,F_H6,F_I6,F_J6
GLY,6.011816754,2.938150051,1.236363828,-0.30952381,11.26537438,3.605187036,3.789704307,6.649712236,2.229036771,8.946831245
BUT,26.80909,22.23011,26.26218,21.82159,48.10749,25.90916,23.3052,21.71587,24.81893,21.91971
GLU,14.20262361,6.370760233,12.95269823,20.18680729,29.8457619,11.74449101,10.93502672,40.56927891,14.89640456,17.8155185
